{
    "info_area_total": 56059756.1344608,
    "info_area_overlap": 659822.1780009815,
    "info_count_obs": 36587
}